ID Lead,Nombre Completo,Email,Telefono,Consulta Original,Presupuesto USD,Zona Interes,Estado,Propiedad Sugerida,Propuesta Borrador,Fecha Registro,Interacciones Relacionadas,Clasificación Inteligente de Lead
LD-001,María Fernanda López,mruizdiseno@gmail.com,+5491123456789,Estoy interesada en cotizar una casa en zona Godoy Cruz.,$120000.00,Zona Godoy Cruz,Procesado IA,,"Perfecto — te puedo ayudar a cotizarla. Para darte una estimación precisa necesito algunos datos. Podés contestar brevemente a lo siguiente o, si preferís, mandarme la dirección y fotos:

1) ¿La cotización es para vender o para alquilar?  
2) Dirección o barrio dentro de Godoy Cruz (cuanto más preciso, mejor).  
3) Metros construidos y metros del lote (si los sabés).  
4) Dormitorios / baños / cochera (y plantas).  
5) Antigüedad y estado de la propiedad (a refaccionar / bueno / impecable).  
6) Amenities y mejoras importantes (pileta, quincho, calefacción central, gas, seguridad, etc.).  
7) ¿Querés el precio en pesos (ARS) o en dólares (USD)?  
8) Plazo o urgencia de venta/alquiler (vendes rápido o preferís esperar por mejor oferta).  
9) ¿Querés que además prepare: comparables de mercado, precio sugerido de publicación, lista de mejoras recomendadas con costos aproximados, o estimación de impuestos/comisiones?

Qué te puedo entregar después:
- Rango de valor de mercado (mínimo / probable / máximo).  
- Precio sugerido de publicación y estrategia (urgencia vs precio óptimo).  
- 3–5 propiedades comparables recientes y motivos de ajuste (si me das dirección o fotos).  
- Recomendaciones rápidas para aumentar valor y estimado de costos.

Decime cómo preferís avanzar y los datos que tengas, y empiezo la cotización.",9/14/2026 12:06pm,,
LD-002,Carlos Monzón,marisasruiz@gmail.com,+5492615551234,"Hola, estoy buscando comprar una casa de 3 dormitorios con jardín amplio y cochera doble. Cuento con presupuesto acordado y me gustaría ver opciones disponibles.",$180000.00,Bermejo,Esperando Aprobacion,,"Perfecto — puedo ayudarte a encontrar opciones. Antes de buscar y enviarte propiedades que cumplan con 3 dormitorios, jardín amplio y cochera doble, necesito algunos datos para afinar la búsqueda:

1. Ubicación: ciudad, barrio(s) o radio en km desde un punto de referencia (p. ej. “zona norte de Madrid”, “Monterrey centro”, etc.).
2. Presupuesto exacto o rango (moneda incluida).
3. ¿Es imprescindible que la cochera sea doble cerrada o basta con dos plazas (abiertas/techadas)?
4. Superficie aproximada deseada (m² de vivienda y/o terreno) — si tienes preferencia.
5. Estado de la vivienda: nueva/obra nueva, para reformar, o sin preferencia.
6. Tiempo para mudanza / urgencia.
7. Otros requisitos importantes (cercanía a colegios, transporte público, planta baja vs. planta alta, patio/terraza, piscina, mascotas, seguridad, etc.).
8. ¿Quieres visitas presenciales coordinadas o solamente ver fichas y fotos primero?
9. ¿Tienes preaprobación hipotecaria o venderás antes de comprar?

Si quieres, puedo empezar a buscar inmediatamente en los listados disponibles en la zona que indiques y enviarte las mejores 5–10 opciones con fotos, datos clave y precio. Indícame los puntos 1 y 2 (ubicación y presupuesto) y cualquier otra prioridad, y me pongo a ello.",9/19/2026 12:09am,,
LD-003,María Gomez,maria.gomez@email.com,+5492615554321,Busco comprar casa en zona céntrica por USD 40.000,$40000.00,Centro,Rechazado,,"Hola María, lamentablemente en este momento no contamos con propiedades en zona Centro dentro del presupuesto de USD 40.000...",9/22/2026 11:26pm,,